Date,Author,Verified,Helpful,Title,Body,Rating,Images,Videos,URL,Variation,Style
"Reviewed in the United States on July 10, 2024",Eduard Alexander Rojas ColmenarezEduard Alexander Rojas Colmenarez,yes,yes,Un producto no tan bueno que digamos,Es muy bonito pero no me gust√≥ algo desde mi criterio!! Bota agua al momento de voltear el vaso y no me gust√≥ eso! Un producto un poco costoso para tener que comprarle algo adicionar para que no se derrame!,3,https://m.media-amazon.com/images/I/71VAU4STsQL.jpg,-,https://www.amazon.com/gp/customer-reviews/R1BTWXC0CUPKHJ/ref=cm_cr_getr_d_rvw_ttl?ie=UTF8&ASIN=B0CRMP3RQT,B0CP9YF9W7,Size: 30 oz | Color: Black 2.0
"Reviewed in the United States on July 20, 2024",Jorge Sarmiento,yes,yes,"Buen vaso, pero NO es antiderrames","El producto es muy bueno. Tiene una manufactura impecable y es muy bonito en cuanto a su dise√±o. El vaso cumple su funci√≥n de mantener la temperatura. Puedes echarle cubos de hielo y se mantendr√°n ah√≠ por +8 horas (no lo he probado por m√°s tiempo). No he probado su funci√≥n en un portavasos de un auto. Lo que s√≠ es cierto es que este vaso NO es antiderrames. Si lo inclinas horizontalmente o al rev√©s, el l√≠quido se filtrar√° por la tapa y se derramar√°. Es un tanto inc√≥modo ya que s√≠ o s√≠ tienes que portarlo parado. Para evitar eso, tienes que comprar un producto aparte, lo cual me parece absurdo teniendo en cuenta el precio del termo.En conclusi√≥n, si buscas un uso m√°s dom√©stico y de oficina, este es tu producto. Pero si buscas algo m√°s polivalente y que puedas usar mientras haces ejercicio o vas de viaje, puedes mirar otras opciones mejores y m√°s econ√≥micas.",4,-,-,https://www.amazon.com/gp/customer-reviews/RD41NZC5AC9A2/ref=cm_cr_getr_d_rvw_ttl?ie=UTF8&ASIN=B0CRMP3RQT,B0CP9YF9W7,Size: 30 oz | Color: Black 2.0
"Reviewed in the United States on September 16, 2024",TanyaTanya,yes,-,Scuffed and scratched,If I‚Äôm paying $35 for a water bottle at least give me one that doesn‚Äôt look like it‚Äôs been dragged across several floors‚Ä¶ highly disappointed,1,"https://m.media-amazon.com/images/I/61GBp4Pxo+L.jpg , https://m.media-amazon.com/images/I/61U5xKsgJ4L.jpg , https://m.media-amazon.com/images/I/61hD6g24QUL.jpg",-,https://www.amazon.com/gp/customer-reviews/R1WSV6C70S1VBC/ref=cm_cr_getr_d_rvw_ttl?ie=UTF8&ASIN=B0CRMP3RQT,B0CP9YF9W7,Size: 30 oz | Color: Black 2.0
"Reviewed in the United States on September 3, 2024","El termo lleg√≥ en mal estado, est√° pelado, golpeado y con da√±os.El termo lleg√≥ en mal estado, est√° pelado, golpeado y con da√±os.",yes,-,"El termo parece que se hubiera ca√≠do o algo as√≠, la forma en la que lleg√≥ empacado no fue la mejor",-,1,"https://m.media-amazon.com/images/I/612p8jXPzzL.jpg , https://m.media-amazon.com/images/I/61TjAD5OseL.jpg , https://m.media-amazon.com/images/I/715uWJWqZIL.jpg",-,https://www.amazon.com/gp/customer-reviews/R20TK2BEQ6YESI/ref=cm_cr_getr_d_rvw_ttl?ie=UTF8&ASIN=B0CRMP3RQT,B0CP9YF9W7,Size: 30 oz | Color: Black 2.0
"Reviewed in the United States on June 25, 2024",MelissaMelissa,yes,-,Good quality but damaged,Fast delivery straw bent and hole in it,3,https://m.media-amazon.com/images/I/61Z3XtlV7AL.jpg,-,https://www.amazon.com/gp/customer-reviews/R2TJ4CJ80O0RSQ/ref=cm_cr_getr_d_rvw_ttl?ie=UTF8&ASIN=B0CRMP3RQT,B0CP9YF9W7,Size: 30 oz | Color: Black 2.0
"Reviewed in the United States on August 1, 2024",kenziekenzie,yes,-,black stanley,mine came with random white marks but when you wash the cup it comes right off. if your new to stanleys i recommend the 30oz. the 30oz it really big. good cup overall. mine came with what seems like some white residue on the lid & it wont really come off. you cant really see it but close up you can. the insulation is great. appearance is pretty good but it u get the black stanley you wont be able to see the stanley logo unless your close up. and lastly portability is amazing!,4,"https://m.media-amazon.com/images/I/61ZclGbVZzL.jpg , https://m.media-amazon.com/images/I/71pSItHn1sL.jpg",-,https://www.amazon.com/gp/customer-reviews/R107SC6YDZCG79/ref=cm_cr_getr_d_rvw_ttl?ie=UTF8&ASIN=B0CRMP3RQT,B0CP9YF9W7,Size: 30 oz | Color: Black 2.0
"Reviewed in the United States on September 17, 2024",Carol Barrett,yes,-,Size,Love them. Keeps the ice for a long time. Perfect size,1,-,-,https://www.amazon.com/gp/customer-reviews/R57VJGJ1T9OJ3/ref=cm_cr_getr_d_rvw_ttl?ie=UTF8&ASIN=B0CRMP3RQT,B0CP9YF9W7,Size: 30 oz | Color: Black 2.0
"Reviewed in the United States on September 4, 2024",brittney,yes,-,not good,i like how it fits in my cup holder but the water does not stay cold at all,2,-,-,https://www.amazon.com/gp/customer-reviews/R26QZ3YMSRL6NT/ref=cm_cr_getr_d_rvw_ttl?ie=UTF8&ASIN=B0CRMP3RQT,B0CP9YF9W7,Size: 30 oz | Color: Black 2.0
"Reviewed in the United States on September 10, 2024",Cee,yes,-,Leaks,Keeps my water cold but it leaks and not just out the straw out the lid. No matter how many times I turn the lid so it‚Äôs really tight keeps leaking.,3,-,-,https://www.amazon.com/gp/customer-reviews/R1E5HXENVJ2SIY/ref=cm_cr_getr_d_rvw_ttl?ie=UTF8&ASIN=B0CRMP3RQT,B0CP9YF9W7,Size: 30 oz | Color: Black 2.0
"Reviewed in the United States on August 22, 2024",Alexis,yes,-,Ice cubes are gone within hours...,"I thought something was off about my ""Stanley"" when my husband had an iced drink in his TJ Maxx stainless steel cup & I had the same iced drink in my new Stanley. A few hours had passed & he still had chunks of ice cubes in this cup & the ones in my Stanley had melted down. I'm confused? Maybe it's a fake? Either way very dissapointed",3,-,-,https://www.amazon.com/gp/customer-reviews/R2W6DPPGC1GX7D/ref=cm_cr_getr_d_rvw_ttl?ie=UTF8&ASIN=B0CRMP3RQT,B0CP9YF9W7,Size: 30 oz | Color: Black 2.0
"Reviewed in the United States on August 20, 2024",T.Williams ,yes,-,Might Return Upon‚Ä¶.,"$35 for what??? The Stanley cup definitely does not prevent spills. I tipped it over and the liquid came out even on the fully sealed option side, so definitely do not knock it over. I will see how long it keeps my drink cold in this Texas heat and that will determine whether I will return it. Want to see what the hype is about‚Ä¶.will try the Meoky cup instead.",3,-,-,https://www.amazon.com/gp/customer-reviews/RPT99U72SLY6C/ref=cm_cr_getr_d_rvw_ttl?ie=UTF8&ASIN=B0CRMP3RQT,B0CP9YF9W7,Size: 30 oz | Color: Black 2.0
"Reviewed in the United States on September 15, 2024",christina,yes,-,great,"this product is exactly like the real stanley‚Äôs, except it doesn‚Äôt come in a box. since it didn‚Äôt come with a box for more protection, it had a flaw from when the driver mishandled it at the doorstep. still very cute and i love it",4,-,-,https://www.amazon.com/gp/customer-reviews/RWH0405WHNZ9I/ref=cm_cr_getr_d_rvw_ttl?ie=UTF8&ASIN=B0CRMP3RQT,B0CP9YF9W7,Size: 30 oz | Color: Black 2.0
"Reviewed in the United States on September 6, 2024",No me lleg√≥ üò¢üò¢üò¢,yes,-,Letras,El color de las letras Stanley no es igual al de la foto.,4,-,-,https://www.amazon.com/gp/customer-reviews/R298F693HJMIN7/ref=cm_cr_getr_d_rvw_ttl?ie=UTF8&ASIN=B0CRMP3RQT,B0CP9YF9W7,Size: 30 oz | Color: Black 2.0
"Reviewed in the United States on September 6, 2024",Michael Grieves,yes,-,Thirst,I use this cup everyday it holds ice for a long time,4,-,-,https://www.amazon.com/gp/customer-reviews/RQ0GLQZKDAJPV/ref=cm_cr_getr_d_rvw_ttl?ie=UTF8&ASIN=B0CRMP3RQT,B0CP9YF9W7,Size: 30 oz | Color: Black 2.0
"Reviewed in the United States on September 16, 2024",Sandra S,yes,-,Just right for me.,This was the perfect size for me. Not too big or heavy. It goes everywhere with me.,5,-,-,https://www.amazon.com/gp/customer-reviews/R1UUM7N8WI1DY7/ref=cm_cr_getr_d_rvw_ttl?ie=UTF8&ASIN=B0CRMP3RQT,B0CP9YF9W7,Size: 30 oz | Color: Black 2.0
"Reviewed in the United States on September 15, 2024",Bruce,yes,-,Great Mug,"A lot of people complain that this mug leaks. Well, it does. However, it doesn't say it is leak-proof, just splash proof. It does what it says, keeps hot hot and cold cold. Doesn't splash in the car and saves me money on buying $5 coffee.",5,-,-,https://www.amazon.com/gp/customer-reviews/R1Q3ZNZM60F1IH/ref=cm_cr_getr_d_rvw_ttl?ie=UTF8&ASIN=B0CRMP3RQT,B0CP9YF9W7,Size: 30 oz | Color: Black 2.0
Starter Plan or higher is required in order to access reviews beyond 100.,,,,,,,,,,,
